{"id": 1, "age": 79.91605184901393, "gender": 2, "location": 6, "device_type": 2, "average_session_length": 24.900398315081848, "average_gaze_duration": 9.609853747912217}